page,page_url,name,property,http_equiv,content
home,https://zclouddigitech.com/,,,,
home,https://zclouddigitech.com/,viewport,,,"width=device-width, initial-scale=1"
home,https://zclouddigitech.com/,next-size-adjust,,,
home,https://zclouddigitech.com/,description,,,"Transform your business with cutting-edge cloud solutions, web development, mobile apps, and cybersecurity. 500+ projects completed, 99.9% uptime guarantee. Expert digital transformation since 2019."
home,https://zclouddigitech.com/,author,,,ZCloud Digi Tech
home,https://zclouddigitech.com/,keywords,,,"cloud solutions,web development,mobile app development,cybersecurity,digital transformation,AWS migration,React development,Next.js applications,cloud migration,IT consulting,digital strategy,software development,technology solutions,business automation,enterprise software"
home,https://zclouddigitech.com/,creator,,,ZCloud Digi Tech
home,https://zclouddigitech.com/,publisher,,,ZCloud Digi Tech
home,https://zclouddigitech.com/,robots,,,"index, follow"
home,https://zclouddigitech.com/,googlebot,,,"index, follow, max-video-preview:-1, max-image-preview:large, max-snippet:-1"
home,https://zclouddigitech.com/,category,,,Technology
home,https://zclouddigitech.com/,classification,,,Business Services
home,https://zclouddigitech.com/,format-detection,,,"telephone=no, address=no, email=no"
home,https://zclouddigitech.com/,google-site-verification,,,your-google-site-verification-code
home,https://zclouddigitech.com/,y_key,,,your-yahoo-site-verification-code
home,https://zclouddigitech.com/,yandex-verification,,,your-yandex-verification-code
home,https://zclouddigitech.com/,,og:title,,ZCloud Digi Tech - Leading Digital Transformation & Cloud Solutions
home,https://zclouddigitech.com/,,og:description,,"Transform your business with cutting-edge cloud solutions, web development, mobile apps, and cybersecurity. 500+ projects completed, 99.9% uptime guarantee."
home,https://zclouddigitech.com/,,og:url,,https://zclouddigitech.com
home,https://zclouddigitech.com/,,og:site_name,,ZCloud Digi Tech
home,https://zclouddigitech.com/,,og:locale,,en_US
home,https://zclouddigitech.com/,,og:image,,https://zclouddigitech.com/og-image.jpg
home,https://zclouddigitech.com/,,og:image:width,,1200
home,https://zclouddigitech.com/,,og:image:height,,630
home,https://zclouddigitech.com/,,og:image:alt,,ZCloud Digi Tech - Digital Transformation Solutions
home,https://zclouddigitech.com/,,og:type,,website
home,https://zclouddigitech.com/,twitter:card,,,summary_large_image
home,https://zclouddigitech.com/,twitter:creator,,,@zclouddigitech
home,https://zclouddigitech.com/,twitter:title,,,ZCloud Digi Tech - Leading Digital Transformation & Cloud Solutions
home,https://zclouddigitech.com/,twitter:description,,,"Transform your business with cutting-edge cloud solutions, web development, mobile apps, and cybersecurity. 500+ projects completed."
home,https://zclouddigitech.com/,twitter:image,,,https://zclouddigitech.com/twitter-image.jpg
